{"stats":{"minecraft:mined":{"minecraft:birch_sapling":1,"minecraft:furnace":2,"minecraft:birch_log":23,"minecraft:stripped_birch_log":1,"minecraft:birch_leaves":2,"luminousworld:mossbuds_1":1,"minecraft:crafting_table":1,"minecraft:grass":3,"minecraft:grass_block":1,"minecraft:dirt":17,"luminousworld:grassvariant_2":3,"luminousworld:grassvariant_3":1,"minecraft:stone":23},"minecraft:crafted":{"minecraft:stone_shovel":1,"minecraft:charcoal":15,"minecraft:shield":1,"minecraft:crafting_table":2,"minecraft:stick":16,"minecraft:wooden_pickaxe":1,"minecraft:iron_pickaxe":1,"minecraft:stone_sword":1,"minecraft:furnace":2,"minecraft:torch":16,"minecraft:birch_planks":68,"minecraft:stone_axe":1,"minecraft:air":0},"minecraft:dropped":{"alexsmobs:animal_dictionary":1,"minecraft:rotten_flesh":1,"minecraft:stripped_birch_log":1},"minecraft:used":{"minecraft:birch_sapling":7,"minecraft:iron_pickaxe":9,"minecraft:wooden_pickaxe":18,"minecraft:stone_axe":17,"minecraft:dirt":1,"minecraft:crafting_table":2,"minecraft:furnace":2,"alexsmobs:animal_dictionary":1},"minecraft:picked_up":{"minecraft:birch_log":43,"minecraft:crafting_table":1,"minecraft:stick":9,"minecraft:birch_leaves":1,"luminousworld:tall_birch_sapling":1,"minecraft:dirt":19,"minecraft:stripped_birch_log":1,"minecraft:rotten_flesh":1,"minecraft:apple":3,"minecraft:iron_ingot":4,"minecraft:birch_sapling":16,"minecraft:cobblestone":22,"minecraft:furnace":1},"minecraft:custom":{"minecraft:time_since_rest":6942,"minecraft:interact_with_furnace":12,"minecraft:sprint_one_cm":42330,"minecraft:damage_taken":245,"minecraft:walk_one_cm":41742,"minecraft:drop":3,"minecraft:interact_with_crafting_table":7,"minecraft:fly_one_cm":24083,"minecraft:crouch_one_cm":5398,"minecraft:play_time":18157,"minecraft:deaths":1,"minecraft:sneak_time":1937,"minecraft:walk_under_water_one_cm":677,"minecraft:jump":227,"minecraft:walk_on_water_one_cm":495,"minecraft:time_since_death":7439,"minecraft:total_world_time":18157,"minecraft:fall_one_cm":7470},"minecraft:killed_by":{"minecraft:player":1}},"DataVersion":3465}