{"stats":{"minecraft:mined":{"minecraft:birch_log":12,"minecraft:birch_leaves":1,"luminousworld:mossbuds_1":1},"minecraft:dropped":{"minecraft:rotten_flesh":1},"minecraft:picked_up":{"minecraft:rotten_flesh":1,"minecraft:birch_log":12},"minecraft:custom":{"minecraft:jump":70,"minecraft:time_since_rest":6157,"minecraft:crouch_one_cm":1974,"minecraft:sprint_one_cm":18216,"minecraft:play_time":6157,"minecraft:damage_taken":135,"minecraft:time_since_death":6157,"minecraft:walk_one_cm":9763,"minecraft:sneak_time":741,"minecraft:total_world_time":6157,"minecraft:interact_with_crafting_table":1,"minecraft:drop":1,"minecraft:fall_one_cm":3292,"minecraft:fly_one_cm":12909}},"DataVersion":3465}