{"stats":{"minecraft:mined":{"luminousworld:soft_birch_log":2,"luminousworld:groundpebbles_1":1,"minecraft:iron_ore":4,"luminousworld:birchtreemushrooms":1,"minecraft:birch_log":11,"minecraft:birch_leaves":3,"minecraft:crafting_table":1,"minecraft:coal_ore":54,"minecraft:grass_block":5,"luminousworld:clovers_5":1,"luminousworld:clovers_2":1,"minecraft:cobblestone":2,"luminousworld:groundpebbles_2":3,"luminousworld:clovers_3":1,"minecraft:stone":73},"minecraft:crafted":{"minecraft:crafting_table":2,"minecraft:stick":20,"minecraft:wooden_pickaxe":1,"minecraft:stone_pickaxe":1,"minecraft:wooden_axe":1,"minecraft:stone_sword":1,"minecraft:furnace":1,"minecraft:birch_planks":32,"minecraft:stone_axe":1},"minecraft:used":{"minecraft:wooden_axe":13,"minecraft:stone_sword":15,"minecraft:stone_pickaxe":86,"minecraft:wooden_pickaxe":52,"minecraft:dirt":4,"minecraft:cobblestone":12,"minecraft:crafting_table":3,"minecraft:furnace":1,"born_in_chaos_v1:corpse_maggot":1},"minecraft:picked_up":{"minecraft:birch_log":11,"born_in_chaos_v1:corpse_maggot":1,"luminousworld:groundpebbles_1":4,"minecraft:raw_iron":4,"minecraft:crafting_table":1,"luminousworld:clovers_1":2,"minecraft:brown_mushroom":3,"tombstone:grave_dust":1,"minecraft:dirt":4,"minecraft:rotten_flesh":2,"luminousworld:soft_birch_log":2,"supplementaries:ash":1,"minecraft:coal":54,"minecraft:cobblestone":75},"minecraft:custom":{"minecraft:interact_with_furnace":1,"minecraft:time_since_rest":13328,"minecraft:sprint_one_cm":59286,"minecraft:damage_taken":405,"minecraft:walk_one_cm":41996,"minecraft:mob_kills":5,"minecraft:damage_dealt":420,"minecraft:interact_with_crafting_table":4,"minecraft:swim_one_cm":8971,"minecraft:fly_one_cm":37052,"minecraft:play_time":26001,"tombstone:undead_killed":1,"minecraft:deaths":1,"minecraft:sneak_time":23,"minecraft:walk_under_water_one_cm":1681,"minecraft:damage_dealt_resisted":24,"minecraft:jump":369,"minecraft:time_since_death":13891,"minecraft:walk_on_water_one_cm":2542,"minecraft:total_world_time":26001,"minecraft:fall_one_cm":8783},"minecraft:killed":{"alexsmobs:blue_jay":1,"minecraft:zombie":1,"enemyexpansion:direwolf":1,"born_in_chaos_v1:maggot":2}},"DataVersion":3465}