{"stats":{"minecraft:mined":{"luminousworld:soft_birch_log":2,"luminousworld:groundpebbles_1":1,"luminousworld:birchtreemushrooms":1},"minecraft:picked_up":{"luminousworld:groundpebbles_1":1,"luminousworld:soft_birch_log":2,"minecraft:brown_mushroom":3},"minecraft:custom":{"minecraft:jump":23,"minecraft:time_since_rest":2001,"minecraft:sprint_one_cm":4863,"minecraft:play_time":2001,"minecraft:damage_taken":10,"minecraft:time_since_death":2001,"minecraft:walk_one_cm":2589,"minecraft:total_world_time":2001,"minecraft:fall_one_cm":209,"minecraft:fly_one_cm":4270}},"DataVersion":3465}