{"stats":{"minecraft:mined":{"luminousworld:soft_birch_log":2,"minecraft:grass_block":5,"luminousworld:groundpebbles_1":1,"luminousworld:birchtreemushrooms":1,"minecraft:birch_log":11,"luminousworld:clovers_2":1,"minecraft:cobblestone":2,"luminousworld:groundpebbles_2":3,"minecraft:stone":47,"minecraft:birch_leaves":2,"minecraft:crafting_table":1},"minecraft:crafted":{"minecraft:stone_sword":1,"minecraft:birch_planks":28,"minecraft:stone_axe":1,"minecraft:crafting_table":1,"minecraft:stick":20,"minecraft:stone_pickaxe":1,"minecraft:wooden_pickaxe":1,"minecraft:wooden_axe":1},"minecraft:used":{"minecraft:wooden_axe":13,"minecraft:cobblestone":2,"minecraft:crafting_table":2,"minecraft:stone_pickaxe":1,"minecraft:wooden_pickaxe":52},"minecraft:custom":{"minecraft:time_since_rest":1328,"minecraft:play_time":14001,"minecraft:sprint_one_cm":28221,"minecraft:deaths":1,"minecraft:damage_taken":240,"minecraft:walk_one_cm":16471,"minecraft:sneak_time":23,"minecraft:walk_under_water_one_cm":1681,"minecraft:jump":189,"minecraft:walk_on_water_one_cm":2542,"minecraft:time_since_death":1891,"minecraft:total_world_time":14001,"minecraft:swim_one_cm":8971,"minecraft:interact_with_crafting_table":3,"minecraft:fall_one_cm":4831,"minecraft:fly_one_cm":18109},"minecraft:picked_up":{"minecraft:birch_log":11,"luminousworld:groundpebbles_1":4,"minecraft:crafting_table":1,"luminousworld:soft_birch_log":2,"minecraft:brown_mushroom":3,"minecraft:dirt":4,"minecraft:cobblestone":49}},"DataVersion":3465}