{"stats":{"minecraft:mined":{"minecraft:tuff":1,"iceandfire:silver_ore":2,"minecraft:chiseled_quartz_block":1,"minecraft:crafting_table":2,"minecraft:note_block":1,"minecraft:chest":1,"minecraft:coal_block":3,"minecraft:spawner":4,"supplementaries:urn":15,"minecraft:black_stained_glass_pane":2,"minecraft:furnace":2,"minecraft:light_gray_stained_glass":2,"minecraft:birch_log":3,"minecraft:iron_ore":2,"minecraft:spruce_log":9,"minecraft:birch_leaves":1,"minecraft:stripped_spruce_log":2,"minecraft:deepslate_iron_ore":8,"minecraft:smooth_quartz":4,"minecraft:stone":6,"minecraft:tripwire":2},"minecraft:crafted":{"minecraft:crafting_table":1,"minecraft:spruce_planks":40,"minecraft:wooden_pickaxe":1,"minecraft:birch_planks":12,"minecraft:stone_axe":1,"minecraft:air":0,"minecraft:shield":1,"minecraft:stick":8,"minecraft:iron_ingot":8,"minecraft:iron_pickaxe":1,"minecraft:stone_pickaxe":1},"minecraft:dropped":{"minecraft:rotten_flesh":2,"supplementaries:ash":12,"minecraft:wooden_pickaxe":2},"minecraft:used":{"minecraft:birch_planks":1,"minecraft:stone_pickaxe":36,"minecraft:spruce_planks":4,"minecraft:wooden_pickaxe":4,"minecraft:torch":2,"minecraft:crafting_table":2,"minecraft:bread":1,"minecraft:iron_pickaxe":9,"minecraft:stone_axe":48,"minecraft:furnace":1,"tombstone:gift":1},"minecraft:custom":{"minecraft:interact_with_furnace":5,"minecraft:mob_kills":6,"minecraft:interact_with_crafting_table":7,"minecraft:time_since_death":12305,"minecraft:climb_one_cm":14761,"minecraft:time_since_rest":12065,"minecraft:sprint_one_cm":35308,"minecraft:damage_taken":449,"minecraft:walk_one_cm":41858,"minecraft:drop":5,"minecraft:damage_dealt":1382,"minecraft:play_noteblock":3,"minecraft:swim_one_cm":699,"minecraft:fly_one_cm":31096,"minecraft:open_chest":6,"minecraft:crouch_one_cm":1694,"minecraft:play_time":22081,"tombstone:undead_killed":4,"minecraft:deaths":1,"minecraft:sneak_time":792,"minecraft:walk_under_water_one_cm":247,"minecraft:jump":194,"minecraft:walk_on_water_one_cm":414,"minecraft:total_world_time":22081,"minecraft:fall_one_cm":5776},"minecraft:picked_up":{"minecraft:birch_log":3,"minecraft:crafting_table":2,"minecraft:chiseled_quartz_block":1,"minecraft:wooden_pickaxe":1,"minecraft:gunpowder":3,"minecraft:string":2,"minecraft:cobbled_deepslate":5,"minecraft:smooth_quartz":3,"minecraft:coal_block":5,"minecraft:furnace":2,"quark:light_gray_shard":5,"minecraft:raw_iron":10,"minecraft:torch":22,"minecraft:amethyst_shard":6,"minecraft:stripped_spruce_log":2,"tombstone:grave_dust":1,"minecraft:spruce_log":8,"minecraft:arrow":2,"minecraft:rotten_flesh":2,"minecraft:emerald":12,"supplementaries:ash":12,"minecraft:cobblestone":6},"minecraft:killed":{"minecraft:magma_cube":1,"minecraft:skeleton":2,"enemyexpansion:vampire":1,"undead_revamp2:sucker":1},"minecraft:killed_by":{"minecraft:skeleton":1}},"DataVersion":3465}