{"stats":{"minecraft:mined":{"luminousworld:soft_birch_log":1,"minecraft:tuff":1,"iceandfire:silver_ore":2,"minecraft:stripped_birch_log":1,"minecraft:chiseled_quartz_block":1,"minecraft:crafting_table":3,"minecraft:note_block":1,"minecraft:chest":1,"minecraft:coal_block":3,"minecraft:spawner":4,"supplementaries:urn":15,"luminousworld:whiteoaklog":3,"minecraft:black_stained_glass_pane":2,"minecraft:furnace":2,"minecraft:light_gray_stained_glass":2,"minecraft:birch_log":5,"minecraft:iron_ore":2,"minecraft:spruce_log":9,"minecraft:birch_leaves":1,"minecraft:stripped_spruce_log":2,"minecraft:deepslate_iron_ore":13,"minecraft:smooth_quartz":4,"minecraft:stone":6,"minecraft:deepslate":6,"minecraft:tripwire":2},"minecraft:crafted":{"minecraft:crafting_table":1,"minecraft:spruce_planks":40,"minecraft:wooden_pickaxe":1,"minecraft:birch_planks":12,"minecraft:stone_axe":1,"minecraft:air":0,"minecraft:shield":1,"minecraft:stick":8,"minecraft:iron_ingot":8,"minecraft:iron_pickaxe":1,"minecraft:stone_pickaxe":1},"minecraft:dropped":{"minecraft:iron_ingot":4,"minecraft:rotten_flesh":2,"supplementaries:ash":12,"minecraft:wooden_pickaxe":2},"minecraft:used":{"minecraft:birch_planks":1,"minecraft:stone_pickaxe":36,"minecraft:shield":24,"minecraft:spruce_planks":4,"minecraft:wooden_pickaxe":4,"minecraft:torch":2,"minecraft:crafting_table":3,"minecraft:bread":1,"minecraft:iron_pickaxe":20,"minecraft:stone_axe":65,"minecraft:furnace":1,"tombstone:gift":1},"minecraft:custom":{"minecraft:interact_with_furnace":5,"minecraft:mob_kills":8,"minecraft:interact_with_crafting_table":8,"minecraft:time_since_death":6538,"minecraft:climb_one_cm":14761,"minecraft:time_since_rest":6231,"minecraft:sprint_one_cm":60309,"minecraft:damage_taken":928,"minecraft:walk_one_cm":52052,"minecraft:damage_blocked_by_shield":2055,"minecraft:drop":9,"minecraft:damage_dealt":2082,"minecraft:play_noteblock":3,"minecraft:swim_one_cm":5805,"minecraft:fly_one_cm":78805,"minecraft:open_chest":6,"minecraft:crouch_one_cm":1883,"minecraft:play_time":34081,"tombstone:undead_killed":5,"minecraft:deaths":3,"minecraft:sneak_time":1037,"minecraft:walk_under_water_one_cm":1121,"minecraft:jump":441,"minecraft:walk_on_water_one_cm":6344,"minecraft:total_world_time":34081,"minecraft:fall_one_cm":10312},"minecraft:picked_up":{"minecraft:birch_log":3,"minecraft:crafting_table":2,"minecraft:feather":2,"minecraft:chiseled_quartz_block":1,"minecraft:wooden_pickaxe":1,"minecraft:gunpowder":3,"minecraft:string":2,"minecraft:cobbled_deepslate":11,"minecraft:iron_ingot":2,"minecraft:smooth_quartz":3,"minecraft:coal_block":5,"minecraft:furnace":2,"quark:light_gray_shard":5,"minecraft:raw_iron":15,"minecraft:torch":22,"minecraft:amethyst_shard":6,"minecraft:stripped_spruce_log":2,"tombstone:grave_dust":1,"minecraft:spruce_log":8,"luminousworld:whiteoaklog":3,"minecraft:arrow":2,"minecraft:rotten_flesh":4,"minecraft:emerald":12,"supplementaries:ash":12,"minecraft:cobblestone":7},"minecraft:killed":{"minecraft:magma_cube":1,"iceandfire:hippogryph":1,"minecraft:skeleton":2,"enemyexpansion:vampire":1,"born_in_chaos_v1:door_knight":1,"undead_revamp2:sucker":1},"minecraft:killed_by":{"minecraft:skeleton":2,"born_in_chaos_v1:door_knight":1}},"DataVersion":3465}