{"stats":{"minecraft:mined":{"minecraft:black_stained_glass_pane":2,"minecraft:furnace":1,"minecraft:light_gray_stained_glass":2,"minecraft:birch_log":3,"minecraft:birch_leaves":1,"minecraft:spruce_log":9,"minecraft:stripped_spruce_log":2,"minecraft:chiseled_quartz_block":1,"minecraft:crafting_table":1,"minecraft:note_block":1,"minecraft:chest":1,"minecraft:smooth_quartz":1,"minecraft:coal_block":3,"minecraft:stone":6,"minecraft:tripwire":2,"minecraft:spawner":2},"minecraft:crafted":{"minecraft:crafting_table":1,"minecraft:spruce_planks":32,"minecraft:stick":8,"minecraft:wooden_pickaxe":1,"minecraft:stone_pickaxe":1,"minecraft:birch_planks":12,"minecraft:stone_axe":1},"minecraft:used":{"minecraft:stone_pickaxe":14,"minecraft:spruce_planks":2,"minecraft:wooden_pickaxe":4,"minecraft:stone_axe":36,"minecraft:crafting_table":1},"minecraft:picked_up":{"minecraft:birch_log":3,"quark:light_gray_shard":5,"minecraft:crafting_table":1,"minecraft:chiseled_quartz_block":1,"minecraft:stripped_spruce_log":2,"tombstone:grave_dust":1,"minecraft:spruce_log":8,"minecraft:string":2,"minecraft:arrow":2,"minecraft:rotten_flesh":1,"minecraft:coal_block":3,"minecraft:cobblestone":6,"minecraft:furnace":1},"minecraft:custom":{"minecraft:time_since_rest":65,"minecraft:sprint_one_cm":11079,"minecraft:damage_taken":240,"minecraft:walk_one_cm":18519,"minecraft:mob_kills":4,"minecraft:damage_dealt":861,"minecraft:play_noteblock":3,"minecraft:interact_with_crafting_table":5,"minecraft:fly_one_cm":11418,"minecraft:open_chest":2,"minecraft:crouch_one_cm":1127,"minecraft:play_time":10081,"tombstone:undead_killed":3,"minecraft:deaths":1,"minecraft:sneak_time":520,"minecraft:jump":85,"minecraft:time_since_death":305,"minecraft:total_world_time":10081,"minecraft:climb_one_cm":14240,"minecraft:fall_one_cm":685},"minecraft:killed":{"minecraft:skeleton":2,"minecraft:magma_cube":1,"undead_revamp2:sucker":1},"minecraft:killed_by":{"minecraft:skeleton":1}},"DataVersion":3465}