{"stats":{"minecraft:mined":{"minecraft:birch_planks":6,"minecraft:furnace":1,"minecraft:iron_ore":20,"minecraft:birch_log":8,"minecraft:spruce_log":1,"minecraft:birch_leaves":6,"minecraft:crafting_table":1,"minecraft:coal_ore":16,"minecraft:grass_block":11,"minecraft:dirt":14,"minecraft:cobblestone":2,"luminousworld:decorative_brown_mushroom_1":1,"minecraft:stone":37},"minecraft:crafted":{"minecraft:iron_chestplate":1,"minecraft:shield":1,"minecraft:crafting_table":3,"minecraft:stick":4,"minecraft:iron_ingot":20,"minecraft:wooden_pickaxe":1,"minecraft:stone_pickaxe":1,"minecraft:iron_sword":1,"minecraft:stone_sword":1,"minecraft:iron_leggings":1,"minecraft:furnace":1,"minecraft:birch_planks":32,"minecraft:air":0},"minecraft:dropped":{"minecraft:dirt":2},"minecraft:used":{"minecraft:stone_sword":10,"minecraft:birch_planks":8,"minecraft:bread":1,"minecraft:stone_pickaxe":63,"minecraft:shield":2,"minecraft:wooden_pickaxe":19,"minecraft:iron_sword":8,"minecraft:rotten_flesh":4,"minecraft:wooden_sword":10,"minecraft:dirt":23,"minecraft:cobblestone":16,"minecraft:crafting_table":3,"minecraft:furnace":1,"tombstone:gift":2,"alexsmobs:animal_dictionary":1,"minecraft:iron_leggings":1},"minecraft:picked_up":{"minecraft:birch_log":8,"minecraft:raw_iron":20,"minecraft:stick":8,"minecraft:crafting_table":1,"luminousworld:clovers_1":1,"minecraft:birch_planks":6,"tombstone:grave_dust":3,"minecraft:spruce_log":1,"minecraft:dirt":27,"minecraft:bone":2,"minecraft:wooden_sword":1,"minecraft:arrow":2,"luminousworld:decorative_brown_mushroom_1":1,"minecraft:rotten_flesh":6,"minecraft:bow":1,"minecraft:bread":1,"minecraft:birch_sapling":7,"minecraft:coal":29,"minecraft:wheat":3,"minecraft:cobblestone":38,"minecraft:furnace":1},"minecraft:custom":{"minecraft:time_since_rest":706,"minecraft:interact_with_furnace":13,"minecraft:sprint_one_cm":92110,"minecraft:damage_taken":1648,"minecraft:walk_one_cm":60912,"minecraft:damage_blocked_by_shield":120,"minecraft:mob_kills":6,"minecraft:drop":2,"minecraft:damage_dealt":1319,"minecraft:interact_with_crafting_table":11,"minecraft:fly_one_cm":86184,"minecraft:crouch_one_cm":126,"minecraft:play_time":41272,"tombstone:undead_killed":6,"minecraft:deaths":5,"minecraft:sneak_time":239,"minecraft:jump":621,"minecraft:damage_dealt_resisted":50,"minecraft:walk_on_water_one_cm":114,"minecraft:time_since_death":1748,"minecraft:total_world_time":41272,"minecraft:fall_one_cm":12659},"minecraft:killed":{"minecraft:skeleton":2,"minecraft:zombie":2,"undead_revamp2:thesmoker":2},"minecraft:killed_by":{"enemyexpansion:direwolf":1,"minecraft:player":1,"minecraft:skeleton":2}},"DataVersion":3465}