{"stats":{"minecraft:mined":{"minecraft:birch_planks":6,"minecraft:iron_ore":20,"minecraft:birch_log":8,"minecraft:birch_leaves":6,"minecraft:crafting_table":1,"minecraft:coal_ore":16,"minecraft:grass_block":11,"minecraft:dirt":9,"luminousworld:decorative_brown_mushroom_1":1,"minecraft:stone":21},"minecraft:crafted":{"minecraft:crafting_table":3,"minecraft:stick":4,"minecraft:iron_ingot":8,"minecraft:wooden_pickaxe":1,"minecraft:stone_pickaxe":1,"minecraft:stone_sword":1,"minecraft:furnace":1,"minecraft:birch_planks":32,"minecraft:air":0},"minecraft:dropped":{"minecraft:dirt":2},"minecraft:used":{"minecraft:stone_sword":10,"minecraft:birch_planks":8,"minecraft:bread":1,"minecraft:stone_pickaxe":44,"minecraft:wooden_pickaxe":19,"minecraft:wooden_sword":10,"minecraft:dirt":10,"minecraft:cobblestone":8,"minecraft:crafting_table":3,"minecraft:furnace":1,"tombstone:gift":2,"alexsmobs:animal_dictionary":1},"minecraft:picked_up":{"minecraft:birch_log":8,"minecraft:raw_iron":20,"minecraft:stick":8,"minecraft:crafting_table":1,"luminousworld:clovers_1":1,"minecraft:birch_planks":6,"tombstone:grave_dust":1,"minecraft:dirt":22,"minecraft:wooden_sword":1,"minecraft:arrow":2,"luminousworld:decorative_brown_mushroom_1":1,"minecraft:rotten_flesh":4,"minecraft:bread":1,"minecraft:birch_sapling":7,"minecraft:coal":16,"minecraft:cobblestone":22},"minecraft:custom":{"minecraft:time_since_rest":9454,"minecraft:interact_with_furnace":5,"minecraft:sprint_one_cm":73151,"minecraft:damage_taken":1385,"minecraft:walk_one_cm":42324,"minecraft:mob_kills":4,"minecraft:drop":2,"minecraft:damage_dealt":971,"minecraft:interact_with_crafting_table":4,"minecraft:fly_one_cm":73914,"minecraft:crouch_one_cm":37,"minecraft:play_time":29272,"tombstone:undead_killed":4,"minecraft:deaths":4,"minecraft:sneak_time":88,"minecraft:jump":492,"minecraft:damage_dealt_resisted":50,"minecraft:walk_on_water_one_cm":114,"minecraft:time_since_death":11107,"minecraft:total_world_time":29272,"minecraft:fall_one_cm":9352},"minecraft:killed":{"minecraft:skeleton":1,"minecraft:zombie":2,"undead_revamp2:thesmoker":1},"minecraft:killed_by":{"enemyexpansion:direwolf":1,"minecraft:player":1,"minecraft:skeleton":2}},"DataVersion":3465}