{"stats":{"minecraft:mined":{"minecraft:birch_log":6,"minecraft:birch_planks":1,"minecraft:grass_block":1,"minecraft:birch_leaves":1},"minecraft:crafted":{"minecraft:birch_planks":24,"minecraft:crafting_table":3},"minecraft:used":{"alexsmobs:animal_dictionary":1,"minecraft:birch_planks":1},"minecraft:picked_up":{"minecraft:stick":1,"minecraft:birch_sapling":1,"minecraft:dirt":1,"minecraft:birch_planks":1,"minecraft:birch_log":6},"minecraft:custom":{"minecraft:jump":26,"minecraft:time_since_rest":5272,"minecraft:sprint_one_cm":7307,"minecraft:play_time":5272,"minecraft:time_since_death":5272,"minecraft:walk_one_cm":3826,"minecraft:sneak_time":5,"minecraft:total_world_time":5272,"minecraft:fall_one_cm":838,"minecraft:fly_one_cm":4261}},"DataVersion":3465}