{"stats":{"minecraft:mined":{"minecraft:birch_planks":1,"minecraft:birch_log":8,"minecraft:birch_leaves":6,"minecraft:crafting_table":1,"minecraft:grass_block":10,"minecraft:dirt":3,"luminousworld:decorative_brown_mushroom_1":1,"minecraft:stone":13},"minecraft:crafted":{"minecraft:crafting_table":3,"minecraft:stick":4,"minecraft:wooden_pickaxe":1,"minecraft:stone_pickaxe":1,"minecraft:stone_sword":1,"minecraft:birch_planks":24},"minecraft:dropped":{"minecraft:dirt":2},"minecraft:used":{"minecraft:stone_sword":10,"minecraft:birch_planks":8,"minecraft:wooden_pickaxe":19,"minecraft:dirt":2,"minecraft:cobblestone":8,"minecraft:crafting_table":2,"alexsmobs:animal_dictionary":1},"minecraft:picked_up":{"minecraft:birch_log":8,"minecraft:stick":8,"minecraft:crafting_table":1,"luminousworld:clovers_1":1,"minecraft:birch_planks":1,"tombstone:grave_dust":1,"minecraft:dirt":15,"minecraft:wooden_sword":1,"luminousworld:decorative_brown_mushroom_1":1,"minecraft:rotten_flesh":3,"minecraft:bread":1,"minecraft:birch_sapling":7,"minecraft:cobblestone":13},"minecraft:custom":{"minecraft:time_since_rest":1,"minecraft:sprint_one_cm":37591,"minecraft:damage_taken":820,"minecraft:walk_one_cm":23226,"minecraft:mob_kills":2,"minecraft:drop":2,"minecraft:damage_dealt":562,"minecraft:interact_with_crafting_table":2,"minecraft:fly_one_cm":47116,"minecraft:play_time":17272,"tombstone:undead_killed":2,"minecraft:deaths":3,"minecraft:sneak_time":66,"minecraft:jump":269,"minecraft:damage_dealt_resisted":50,"minecraft:walk_on_water_one_cm":114,"minecraft:time_since_death":1523,"minecraft:total_world_time":17272,"minecraft:fall_one_cm":4853},"minecraft:killed":{"minecraft:zombie":1,"undead_revamp2:thesmoker":1},"minecraft:killed_by":{"enemyexpansion:direwolf":1,"minecraft:player":1,"minecraft:skeleton":1}},"DataVersion":3465}