{"stats":{"minecraft:mined":{"minecraft:crafting_table":2,"minecraft:grass_block":11,"luminousworld:decorative_brown_mushroom_1":1,"minecraft:cobblestone":2,"minecraft:spruce_leaves":1,"minecraft:birch_planks":6,"minecraft:furnace":1,"minecraft:birch_log":8,"minecraft:iron_ore":20,"minecraft:spruce_log":2,"minecraft:birch_leaves":6,"minecraft:coal_ore":16,"minecraft:dirt":22,"minecraft:stone":37},"minecraft:crafted":{"minecraft:crafting_table":3,"minecraft:wooden_pickaxe":1,"minecraft:iron_sword":1,"minecraft:furnace":1,"minecraft:birch_planks":32,"minecraft:stone_axe":1,"minecraft:air":0,"minecraft:iron_chestplate":1,"minecraft:shield":1,"minecraft:stick":4,"minecraft:iron_ingot":20,"minecraft:stone_pickaxe":1,"minecraft:stone_sword":1,"minecraft:iron_leggings":1},"minecraft:dropped":{"minecraft:dirt":2,"minecraft:spruce_log":25},"minecraft:used":{"minecraft:stone_sword":10,"minecraft:birch_planks":8,"minecraft:stone_pickaxe":63,"minecraft:wooden_pickaxe":19,"minecraft:shield":6,"minecraft:iron_sword":14,"minecraft:rotten_flesh":4,"minecraft:dirt":23,"minecraft:crafting_table":4,"minecraft:bread":1,"minecraft:stone_axe":2,"minecraft:wooden_sword":10,"minecraft:cobblestone":16,"minecraft:furnace":1,"tombstone:gift":2,"alexsmobs:animal_dictionary":1,"minecraft:iron_leggings":1},"minecraft:custom":{"minecraft:interact_with_furnace":13,"minecraft:mob_kills":7,"minecraft:interact_with_crafting_table":12,"minecraft:damage_dealt_resisted":50,"minecraft:time_since_death":3498,"minecraft:time_since_rest":1,"minecraft:sprint_one_cm":118097,"minecraft:damage_taken":1874,"minecraft:walk_one_cm":81372,"minecraft:damage_blocked_by_shield":159,"minecraft:drop":3,"minecraft:damage_dealt":1669,"minecraft:fly_one_cm":117779,"minecraft:player_kills":1,"minecraft:crouch_one_cm":178,"minecraft:play_time":53272,"tombstone:undead_killed":7,"minecraft:deaths":6,"minecraft:sneak_time":284,"minecraft:jump":804,"minecraft:walk_on_water_one_cm":114,"minecraft:total_world_time":53272,"minecraft:fall_one_cm":14033},"minecraft:picked_up":{"minecraft:birch_log":9,"minecraft:spruce_leaves":1,"minecraft:iron_chestplate":1,"minecraft:crafting_table":2,"minecraft:wheat":3,"minecraft:birch_planks":6,"minecraft:shield":1,"minecraft:dirt":31,"minecraft:wooden_sword":1,"minecraft:iron_leggings":1,"minecraft:bone":2,"minecraft:bow":1,"minecraft:stone_pickaxe":1,"minecraft:birch_sapling":7,"minecraft:iron_sword":1,"minecraft:furnace":2,"minecraft:stick":13,"minecraft:raw_iron":20,"luminousworld:clovers_1":1,"minecraft:spruce_sapling":4,"tombstone:grave_dust":3,"minecraft:spruce_log":107,"luminousworld:decorative_brown_mushroom_1":2,"minecraft:arrow":2,"minecraft:rotten_flesh":6,"minecraft:stone_axe":1,"minecraft:bread":1,"minecraft:coal":42,"minecraft:cobblestone":38},"minecraft:killed":{"undead_revamp2:thesmoker":2,"undead_revamp2:theswarmer":1,"minecraft:skeleton":2,"minecraft:zombie":2},"minecraft:killed_by":{"minecraft:player":2,"minecraft:skeleton":2,"enemyexpansion:direwolf":1}},"DataVersion":3465}