{"stats":{"minecraft:mined":{"minecraft:stone":3},"minecraft:picked_up":{"minecraft:cobblestone":3},"minecraft:used":{"minecraft:wooden_pickaxe":3},"minecraft:custom":{"minecraft:jump":48,"minecraft:open_chest":3,"minecraft:time_since_rest":7208,"minecraft:damage_dealt":50,"minecraft:crouch_one_cm":1588,"minecraft:sprint_one_cm":3585,"minecraft:play_time":7208,"minecraft:damage_taken":20,"minecraft:time_since_death":7208,"minecraft:walk_one_cm":16991,"minecraft:sneak_time":319,"minecraft:total_world_time":7208,"minecraft:fall_one_cm":1476,"minecraft:fly_one_cm":722}},"DataVersion":3465}