{"stats":{"minecraft:mined":{"minecraft:dirt":1,"minecraft:stone":14},"minecraft:dropped":{"minecraft:spruce_log":50,"minecraft:iron_leggings":1,"minecraft:furnace":1,"minecraft:stone_axe":1,"minecraft:iron_sword":1,"minecraft:shield":1,"minecraft:stone_pickaxe":1,"luminousworld:decorative_brown_mushroom_1":1,"minecraft:iron_chestplate":1,"minecraft:birch_log":1,"minecraft:coal":13},"minecraft:used":{"alexsmobs:animal_dictionary":1,"minecraft:wooden_pickaxe":15},"minecraft:custom":{"minecraft:time_since_rest":9434,"minecraft:open_chest":4,"minecraft:crouch_one_cm":1940,"minecraft:play_time":19208,"minecraft:sprint_one_cm":23525,"minecraft:walk_one_cm":43922,"minecraft:damage_taken":320,"minecraft:deaths":1,"minecraft:sneak_time":436,"minecraft:drop":11,"tombstone:tomb_raiding":1,"minecraft:jump":230,"minecraft:damage_dealt":305,"minecraft:time_since_death":10649,"minecraft:total_world_time":19208,"minecraft:player_kills":1,"minecraft:fall_one_cm":4509,"minecraft:fly_one_cm":25663},"minecraft:picked_up":{"minecraft:birch_log":1,"minecraft:bone":1,"minecraft:honey_bottle":1,"minecraft:spruce_log":25,"minecraft:dirt":3,"minecraft:cobblestone":14,"minecraft:stick":2},"minecraft:killed_by":{"minecraft:player":1}},"DataVersion":3465}