{"stats":{"minecraft:broken":{"minecraft:stone_pickaxe":1},"minecraft:mined":{"luminousworld:grassvariant_4":6,"luminousworld:blue_petunias":1,"minecraft:grass_block":1,"luminousworld:grassvariant_2":3,"minecraft:coal_block":2,"minecraft:cobblestone":3,"minecraft:spruce_leaves":1,"minecraft:large_fern":1,"minecraft:birch_log":23,"minecraft:iron_ore":5,"minecraft:spruce_log":7,"minecraft:birch_leaves":6,"luminousworld:mossbuds_3":1,"minecraft:grass":1,"minecraft:coal_ore":31,"minecraft:dirt":1,"minecraft:stone":99,"minecraft:oak_leaves":4},"minecraft:crafted":{"quark:birch_chest":2,"minecraft:crafting_table":6,"minecraft:spruce_planks":320,"minecraft:wooden_pickaxe":1,"minecraft:iron_sword":1,"minecraft:birch_planks":68,"minecraft:stone_axe":1,"minecraft:stick":12,"minecraft:stone_pickaxe":2,"quark:spruce_chest":2,"minecraft:torch":8},"minecraft:dropped":{"minecraft:spruce_sapling":3},"minecraft:custom":{"minecraft:mob_kills":8,"minecraft:interact_with_crafting_table":12,"minecraft:open_barrel":2,"minecraft:leave_game":1,"minecraft:time_since_death":3192,"minecraft:time_since_rest":2911,"minecraft:sprint_one_cm":114030,"minecraft:damage_taken":2590,"minecraft:walk_one_cm":88305,"minecraft:drop":1,"minecraft:damage_dealt":1704,"minecraft:swim_one_cm":16369,"minecraft:fly_one_cm":84358,"minecraft:player_kills":1,"minecraft:open_chest":8,"minecraft:crouch_one_cm":2398,"minecraft:play_time":48867,"tombstone:undead_killed":5,"minecraft:deaths":8,"minecraft:sneak_time":869,"minecraft:walk_under_water_one_cm":815,"minecraft:jump":701,"minecraft:walk_on_water_one_cm":1545,"minecraft:total_world_time":48867,"minecraft:fall_one_cm":15676},"minecraft:used":{"quark:birch_chest":2,"minecraft:stone_pickaxe":136,"tombstone:scroll_of_frost_resistance":1,"minecraft:spruce_planks":4,"minecraft:wooden_pickaxe":12,"minecraft:iron_sword":41,"minecraft:torch":2,"minecraft:crafting_table":6,"minecraft:spruce_log":9,"quark:spruce_chest":2,"tombstone:grave_key":7,"minecraft:stone_axe":14,"tombstone:gift":1,"alexsmobs:animal_dictionary":1},"minecraft:picked_up":{"born_in_chaos_v1:fused_bone":2,"minecraft:birch_log":17,"minecraft:spruce_leaves":1,"minecraft:wheat":3,"minecraft:string":1,"minecraft:dirt":2,"minecraft:bone":3,"minecraft:apple":1,"minecraft:spruce_planks":74,"minecraft:coal_block":2,"minecraft:stick":4,"minecraft:raw_iron":5,"luminousworld:blue_petunias":1,"ecologics:coconut_slice":2,"born_in_chaos_v1:ethereal_spirit":1,"minecraft:spruce_sapling":6,"minecraft:spruce_log":89,"minecraft:rotten_flesh":1,"minecraft:slime_ball":1,"tombstone:magic_scroll":1,"minecraft:coal":31,"minecraft:cobblestone":102},"minecraft:killed":{"born_in_chaos_v1:restless_spirit":1,"minecraft:spider":1,"undead_revamp2:thesmoker":1,"born_in_chaos_v1:siamese_skeletonsright":1,"born_in_chaos_v1:decrepit_skeleton":1,"undead_revamp2:sucker":1,"born_in_chaos_v1:siamese_skeletonsleft":1},"minecraft:killed_by":{"minecraft:vindicator":3,"minecraft:skeleton":2,"undead_revamp2:thesmoker":1,"born_in_chaos_v1:corpse_fly":1,"born_in_chaos_v1:siamese_skeletonsleft":1}},"DataVersion":3465}