{"stats":{"minecraft:mined":{"minecraft:grass":1,"luminousworld:grassvariant_4":2,"luminousworld:grassvariant_2":1,"minecraft:birch_log":17,"minecraft:cobblestone":2,"luminousworld:blue_petunias":1,"minecraft:spruce_leaves":1,"minecraft:spruce_log":7,"minecraft:stone":2,"minecraft:birch_leaves":1,"luminousworld:mossbuds_3":1},"minecraft:crafted":{"minecraft:birch_planks":68,"minecraft:stone_axe":1,"minecraft:crafting_table":2,"minecraft:spruce_planks":28,"minecraft:stick":4,"minecraft:wooden_pickaxe":1},"minecraft:used":{"minecraft:crafting_table":2,"alexsmobs:animal_dictionary":1,"tombstone:grave_key":3,"minecraft:wooden_pickaxe":5,"minecraft:spruce_log":4},"minecraft:picked_up":{"minecraft:birch_log":17,"minecraft:spruce_leaves":1,"minecraft:stick":3,"luminousworld:blue_petunias":1,"minecraft:spruce_sapling":3,"minecraft:spruce_log":32,"minecraft:cobblestone":4},"minecraft:custom":{"minecraft:time_since_rest":58,"minecraft:crouch_one_cm":238,"minecraft:deaths":3,"minecraft:sprint_one_cm":25249,"minecraft:play_time":12867,"minecraft:damage_taken":1170,"minecraft:walk_one_cm":11408,"minecraft:sneak_time":82,"minecraft:jump":100,"minecraft:leave_game":1,"minecraft:time_since_death":223,"minecraft:total_world_time":12867,"minecraft:interact_with_crafting_table":2,"minecraft:fall_one_cm":2117,"minecraft:fly_one_cm":11990},"minecraft:killed_by":{"minecraft:vindicator":3}},"DataVersion":3465}