{"stats":{"minecraft:mined":{"minecraft:large_fern":1,"luminousworld:grassvariant_4":5,"minecraft:birch_log":17,"luminousworld:blue_petunias":1,"minecraft:spruce_log":7,"minecraft:birch_leaves":4,"luminousworld:mossbuds_3":1,"minecraft:grass":1,"minecraft:coal_ore":7,"luminousworld:grassvariant_2":3,"minecraft:coal_block":2,"minecraft:cobblestone":3,"minecraft:spruce_leaves":1,"minecraft:stone":13,"minecraft:oak_leaves":4},"minecraft:crafted":{"minecraft:crafting_table":5,"minecraft:spruce_planks":268,"minecraft:stick":8,"minecraft:wooden_pickaxe":1,"minecraft:stone_pickaxe":1,"minecraft:iron_sword":1,"minecraft:torch":8,"minecraft:birch_planks":68,"minecraft:stone_axe":1},"minecraft:used":{"tombstone:scroll_of_frost_resistance":1,"minecraft:stone_pickaxe":19,"minecraft:iron_sword":5,"minecraft:wooden_pickaxe":12,"tombstone:grave_key":4,"minecraft:stone_axe":6,"minecraft:crafting_table":5,"alexsmobs:animal_dictionary":1,"minecraft:spruce_log":9},"minecraft:custom":{"minecraft:time_since_rest":4773,"minecraft:sprint_one_cm":78898,"minecraft:damage_taken":1720,"minecraft:walk_one_cm":34415,"minecraft:mob_kills":1,"minecraft:damage_dealt":160,"minecraft:interact_with_crafting_table":5,"minecraft:swim_one_cm":10994,"minecraft:fly_one_cm":54815,"minecraft:player_kills":1,"minecraft:open_barrel":2,"minecraft:open_chest":2,"minecraft:crouch_one_cm":274,"minecraft:play_time":24867,"tombstone:undead_killed":1,"minecraft:deaths":5,"minecraft:sneak_time":209,"minecraft:walk_under_water_one_cm":456,"minecraft:jump":350,"minecraft:time_since_death":5098,"minecraft:leave_game":1,"minecraft:walk_on_water_one_cm":1487,"minecraft:total_world_time":24867,"minecraft:fall_one_cm":7323},"minecraft:picked_up":{"minecraft:birch_log":17,"minecraft:spruce_leaves":1,"minecraft:stick":4,"luminousworld:blue_petunias":1,"ecologics:coconut_slice":2,"minecraft:spruce_sapling":3,"minecraft:spruce_log":76,"minecraft:bone":2,"minecraft:apple":1,"minecraft:coal_block":2,"minecraft:coal":7,"minecraft:cobblestone":15},"minecraft:killed":{"born_in_chaos_v1:decrepit_skeleton":1},"minecraft:killed_by":{"minecraft:vindicator":3,"born_in_chaos_v1:corpse_fly":1,"minecraft:skeleton":1}},"DataVersion":3465}