{"stats":{"minecraft:mined":{"minecraft:large_fern":1,"luminousworld:grassvariant_4":6,"minecraft:iron_ore":5,"minecraft:birch_log":23,"luminousworld:blue_petunias":1,"minecraft:spruce_log":7,"minecraft:birch_leaves":6,"luminousworld:mossbuds_3":1,"minecraft:grass":1,"minecraft:grass_block":1,"minecraft:coal_ore":31,"luminousworld:grassvariant_2":3,"minecraft:coal_block":2,"minecraft:cobblestone":3,"minecraft:spruce_leaves":1,"minecraft:stone":44,"minecraft:oak_leaves":4},"minecraft:crafted":{"minecraft:crafting_table":6,"minecraft:spruce_planks":268,"minecraft:stick":8,"minecraft:wooden_pickaxe":1,"minecraft:stone_pickaxe":1,"minecraft:iron_sword":1,"quark:spruce_chest":2,"minecraft:torch":8,"minecraft:birch_planks":68,"minecraft:stone_axe":1},"minecraft:dropped":{"minecraft:spruce_sapling":3},"minecraft:used":{"quark:spruce_chest":2,"tombstone:scroll_of_frost_resistance":1,"minecraft:stone_pickaxe":80,"minecraft:spruce_planks":4,"minecraft:iron_sword":23,"minecraft:wooden_pickaxe":12,"tombstone:grave_key":5,"minecraft:stone_axe":14,"minecraft:crafting_table":6,"tombstone:gift":1,"alexsmobs:animal_dictionary":1,"minecraft:spruce_log":9},"minecraft:custom":{"minecraft:time_since_rest":4660,"minecraft:sprint_one_cm":91305,"minecraft:damage_taken":1975,"minecraft:walk_one_cm":63057,"minecraft:mob_kills":5,"minecraft:drop":1,"minecraft:damage_dealt":840,"minecraft:interact_with_crafting_table":6,"minecraft:swim_one_cm":16369,"minecraft:fly_one_cm":69345,"minecraft:player_kills":1,"minecraft:open_barrel":2,"minecraft:open_chest":3,"minecraft:crouch_one_cm":2103,"minecraft:play_time":36867,"tombstone:undead_killed":4,"minecraft:deaths":6,"minecraft:sneak_time":814,"minecraft:walk_under_water_one_cm":815,"minecraft:jump":542,"minecraft:time_since_death":4809,"minecraft:leave_game":1,"minecraft:walk_on_water_one_cm":1545,"minecraft:total_world_time":36867,"minecraft:fall_one_cm":10901},"minecraft:picked_up":{"minecraft:birch_log":17,"minecraft:spruce_leaves":1,"minecraft:stick":4,"minecraft:raw_iron":5,"luminousworld:blue_petunias":1,"ecologics:coconut_slice":2,"minecraft:spruce_sapling":3,"minecraft:spruce_log":76,"minecraft:dirt":1,"minecraft:bone":3,"minecraft:apple":1,"minecraft:spruce_planks":74,"minecraft:coal_block":2,"minecraft:coal":31,"minecraft:cobblestone":46,"born_in_chaos_v1:fused_bone":2},"minecraft:killed":{"undead_revamp2:sucker":1,"born_in_chaos_v1:siamese_skeletonsright":1,"born_in_chaos_v1:siamese_skeletonsleft":1,"born_in_chaos_v1:decrepit_skeleton":1},"minecraft:killed_by":{"minecraft:vindicator":3,"born_in_chaos_v1:corpse_fly":1,"born_in_chaos_v1:siamese_skeletonsleft":1,"minecraft:skeleton":1}},"DataVersion":3465}