{"stats":{"minecraft:mined":{"luminousworld:soft_birch_log":14,"luminousworld:groundpebbles_1":1,"minecraft:furnace":1,"minecraft:iron_ore":1,"minecraft:birch_log":39,"minecraft:stripped_birch_log":1,"minecraft:birch_leaves":4,"minecraft:crafting_table":1,"minecraft:coal_ore":4,"minecraft:grass_block":6,"minecraft:gravel":5,"minecraft:dirt":5,"luminousworld:grassvariant_3":2,"minecraft:stone":10},"minecraft:crafted":{"minecraft:crafting_table":1,"minecraft:stick":12,"minecraft:wooden_pickaxe":1,"minecraft:stone_pickaxe":1,"minecraft:wooden_axe":1,"minecraft:torch":16,"minecraft:birch_planks":40,"minecraft:stone_axe":1},"minecraft:dropped":{"minecraft:birch_leaves":1,"minecraft:birch_sapling":2,"minecraft:stick":2},"minecraft:used":{"minecraft:wooden_axe":14,"minecraft:stone_pickaxe":3,"minecraft:wooden_pickaxe":18,"luminousworld:groundpebbles_1":1,"minecraft:stone_axe":30,"minecraft:torch":1,"minecraft:dirt":5,"minecraft:furnace":1},"minecraft:picked_up":{"minecraft:birch_log":50,"luminousworld:groundpebbles_1":1,"minecraft:stick":3,"minecraft:birch_leaves":1,"minecraft:crafting_table":1,"minecraft:brown_mushroom":10,"minecraft:birch_planks":23,"minecraft:gravel":4,"minecraft:flint":1,"minecraft:stripped_birch_log":1,"minecraft:dirt":10,"minecraft:apple":1,"luminousworld:soft_birch_log":14,"minecraft:birch_sapling":7,"minecraft:coal":4,"minecraft:furnace":2,"minecraft:cobblestone":10,"minecraft:raw_iron":2},"minecraft:custom":{"minecraft:interact_with_furnace":4,"minecraft:time_since_rest":12698,"minecraft:sprint_one_cm":19143,"minecraft:walk_one_cm":22781,"minecraft:drop":3,"minecraft:damage_dealt":25,"minecraft:player_kills":1,"minecraft:interact_with_crafting_table":6,"minecraft:fly_one_cm":9271,"minecraft:crouch_one_cm":283,"minecraft:play_time":12698,"minecraft:sneak_time":242,"minecraft:jump":120,"minecraft:time_since_death":12698,"minecraft:total_world_time":12698,"minecraft:fall_one_cm":836}},"DataVersion":3465}