{"stats":{"minecraft:mined":{"iceandfire:silver_ore":1,"luminousworld:mossbuds_1":1,"minecraft:crafting_table":3,"minecraft:grass_block":4,"luminousworld:grassvariant_2":2,"minecraft:copper_ore":3,"minecraft:cobblestone":3,"minecraft:sandstone":6,"minecraft:seagrass":1,"minecraft:coarse_dirt":1,"minecraft:birch_log":17,"minecraft:sweet_berry_bush":3,"minecraft:spruce_log":1,"minecraft:grass":5,"minecraft:coal_ore":2,"minecraft:gravel":5,"minecraft:sand":6,"minecraft:dirt":10,"luminousworld:grassvariant_3":1,"minecraft:stone":40,"minecraft:fern":1},"minecraft:crafted":{"minecraft:wooden_sword":1,"minecraft:oak_planks":24,"minecraft:crafting_table":1,"minecraft:wooden_pickaxe":1,"minecraft:birch_planks":56,"minecraft:stone_axe":1,"minecraft:stick":8,"minecraft:stone_pickaxe":1,"minecraft:wooden_axe":1,"minecraft:torch":4},"minecraft:used":{"minecraft:stone_pickaxe":53,"minecraft:wooden_pickaxe":23,"luminousworld:bass_item":2,"minecraft:torch":4,"minecraft:dirt":9,"minecraft:crafting_table":3,"minecraft:spruce_log":1,"minecraft:wooden_axe":18,"minecraft:stone_axe":34,"ecologics:coconut_slice":4,"luminousworld:trout":2,"minecraft:cobblestone":5,"minecraft:porkchop":8,"minecraft:birch_log":6,"alexsmobs:animal_dictionary":1,"minecraft:coarse_dirt":1},"minecraft:custom":{"minecraft:mob_kills":18,"minecraft:interact_with_crafting_table":4,"minecraft:time_since_death":12717,"minecraft:time_since_rest":11282,"minecraft:sprint_one_cm":86762,"minecraft:damage_taken":720,"minecraft:walk_one_cm":24437,"minecraft:damage_dealt":1733,"minecraft:swim_one_cm":4933,"minecraft:fly_one_cm":140214,"minecraft:crouch_one_cm":4460,"minecraft:play_time":26353,"tombstone:undead_killed":1,"minecraft:deaths":1,"minecraft:sneak_time":2307,"minecraft:walk_under_water_one_cm":4665,"minecraft:jump":605,"minecraft:walk_on_water_one_cm":5349,"minecraft:total_world_time":26353,"minecraft:fall_one_cm":15524},"minecraft:picked_up":{"minecraft:birch_log":43,"minecraft:coarse_dirt":1,"minecraft:crafting_table":3,"minecraft:feather":1,"minecraft:leather":9,"luminousworld:trout":2,"minecraft:oak_log":6,"minecraft:dirt":14,"minecraft:raw_copper":11,"minecraft:wheat_seeds":1,"minecraft:beef":14,"minecraft:birch_sapling":3,"luminousworld:bass_item":2,"minecraft:stick":3,"minecraft:sandstone":6,"minecraft:sweet_berries":4,"ecologics:coconut_slice":4,"minecraft:gravel":5,"minecraft:sand":6,"minecraft:porkchop":11,"minecraft:spruce_log":1,"luminousworld:grassflowers":1,"minecraft:stone_axe":1,"minecraft:oak_sapling":2,"minecraft:coal":2,"iceandfire:raw_silver":1,"minecraft:cobblestone":36},"minecraft:killed":{"minecraft:pig":4,"alexsmobs:raccoon":1,"luminousworld:trout_fish":2,"minecraft:zombie":1,"ecologics:squirrel":1,"luminousworld:bass_fish":2,"alexsmobs:crow":1,"earthmobsmod:albino_cow":6}},"DataVersion":3465}