{"stats":{"minecraft:mined":{"iceandfire:silver_ore":1,"luminousworld:mossbuds_1":1,"minecraft:crafting_table":4,"minecraft:grass_block":9,"luminousworld:grassvariant_2":2,"minecraft:copper_ore":3,"minecraft:cobblestone":3,"minecraft:sandstone":6,"minecraft:seagrass":1,"minecraft:coarse_dirt":1,"minecraft:furnace":1,"minecraft:iron_ore":6,"minecraft:birch_log":17,"minecraft:fire":1,"minecraft:sweet_berry_bush":3,"minecraft:spruce_log":1,"minecraft:grass":6,"minecraft:coal_ore":33,"minecraft:gravel":5,"minecraft:sand":6,"minecraft:dirt":12,"luminousworld:grassvariant_3":1,"minecraft:stone":64,"minecraft:fern":1},"minecraft:crafted":{"minecraft:cooked_beef":8,"minecraft:wooden_sword":1,"minecraft:oak_planks":24,"minecraft:crafting_table":3,"minecraft:wooden_pickaxe":1,"minecraft:furnace":2,"minecraft:birch_planks":56,"minecraft:stone_axe":1,"minecraft:air":0,"minecraft:stick":52,"minecraft:iron_ingot":6,"minecraft:stone_pickaxe":1,"minecraft:wooden_axe":1,"minecraft:torch":52},"minecraft:used":{"minecraft:stone_pickaxe":123,"minecraft:wooden_pickaxe":24,"luminousworld:bass_item":2,"minecraft:torch":35,"minecraft:dirt":19,"minecraft:crafting_table":6,"minecraft:spruce_log":1,"minecraft:wooden_axe":18,"minecraft:stone_axe":62,"ecologics:coconut_slice":4,"luminousworld:trout":2,"minecraft:cobblestone":5,"minecraft:beef":6,"minecraft:furnace":2,"minecraft:porkchop":11,"minecraft:birch_log":6,"alexsmobs:animal_dictionary":1,"minecraft:cooked_beef":5,"minecraft:coarse_dirt":1},"minecraft:custom":{"minecraft:interact_with_furnace":8,"minecraft:mob_kills":25,"minecraft:interact_with_crafting_table":12,"minecraft:time_since_death":36717,"minecraft:time_since_rest":35282,"minecraft:sprint_one_cm":175942,"minecraft:damage_taken":1230,"minecraft:walk_one_cm":48234,"minecraft:damage_dealt":2809,"minecraft:swim_one_cm":13722,"minecraft:fly_one_cm":286663,"minecraft:open_chest":1,"minecraft:crouch_one_cm":15166,"minecraft:play_time":50353,"tombstone:undead_killed":7,"minecraft:deaths":1,"minecraft:sneak_time":6796,"minecraft:walk_under_water_one_cm":4949,"minecraft:jump":1267,"minecraft:walk_on_water_one_cm":5684,"minecraft:total_world_time":50353,"minecraft:fall_one_cm":37787},"minecraft:picked_up":{"minecraft:birch_log":43,"minecraft:coarse_dirt":1,"minecraft:crafting_table":3,"minecraft:feather":1,"minecraft:leather":9,"luminousworld:trout":2,"minecraft:oak_log":6,"minecraft:dirt":20,"minecraft:raw_copper":11,"minecraft:wheat_seeds":1,"minecraft:beef":14,"minecraft:birch_sapling":3,"minecraft:furnace":1,"luminousworld:bass_item":2,"minecraft:stick":3,"minecraft:raw_iron":6,"minecraft:sandstone":6,"minecraft:sweet_berries":4,"ecologics:coconut_slice":4,"minecraft:gravel":5,"minecraft:sand":6,"minecraft:porkchop":11,"minecraft:spruce_log":1,"luminousworld:grassflowers":1,"minecraft:stone_axe":1,"minecraft:oak_sapling":2,"minecraft:coal":33,"iceandfire:raw_silver":1,"minecraft:cobblestone":60},"minecraft:killed":{"minecraft:pig":4,"alexsmobs:raccoon":1,"undead_revamp2:the_moonflower":1,"minecraft:spider":1,"earthmobsmod:lobber_zombie":1,"luminousworld:trout_fish":2,"born_in_chaos_v1:decrepit_skeleton":1,"minecraft:zombie":4,"ecologics:squirrel":1,"luminousworld:bass_fish":2,"alexsmobs:crow":1,"earthmobsmod:albino_cow":6}},"DataVersion":3465}