{"stats":{"minecraft:mined":{"iceandfire:silver_ore":1,"luminousworld:mossbuds_1":1,"minecraft:crafting_table":4,"minecraft:grass_block":9,"luminousworld:grassvariant_2":2,"minecraft:copper_ore":3,"minecraft:cobblestone":3,"minecraft:sandstone":6,"minecraft:seagrass":1,"minecraft:coarse_dirt":1,"minecraft:birch_log":17,"minecraft:fire":1,"minecraft:sweet_berry_bush":3,"minecraft:spruce_log":1,"minecraft:grass":6,"minecraft:coal_ore":22,"minecraft:gravel":5,"minecraft:sand":6,"minecraft:dirt":12,"luminousworld:grassvariant_3":1,"minecraft:stone":51,"minecraft:fern":1},"minecraft:crafted":{"minecraft:cooked_beef":8,"minecraft:wooden_sword":1,"minecraft:oak_planks":24,"minecraft:crafting_table":2,"minecraft:wooden_pickaxe":1,"minecraft:furnace":1,"minecraft:birch_planks":56,"minecraft:stone_axe":1,"minecraft:air":0,"minecraft:stick":52,"minecraft:stone_pickaxe":1,"minecraft:wooden_axe":1,"minecraft:torch":28},"minecraft:used":{"minecraft:stone_pickaxe":92,"minecraft:wooden_pickaxe":24,"luminousworld:bass_item":2,"minecraft:torch":6,"minecraft:dirt":17,"minecraft:crafting_table":5,"minecraft:spruce_log":1,"minecraft:wooden_axe":18,"minecraft:stone_axe":53,"ecologics:coconut_slice":4,"luminousworld:trout":2,"minecraft:cobblestone":5,"minecraft:beef":6,"minecraft:furnace":1,"minecraft:porkchop":11,"minecraft:birch_log":6,"alexsmobs:animal_dictionary":1,"minecraft:cooked_beef":1,"minecraft:coarse_dirt":1},"minecraft:custom":{"minecraft:interact_with_furnace":4,"minecraft:mob_kills":23,"minecraft:interact_with_crafting_table":8,"minecraft:time_since_death":24717,"minecraft:time_since_rest":23282,"minecraft:sprint_one_cm":123638,"minecraft:damage_taken":815,"minecraft:walk_one_cm":34699,"minecraft:damage_dealt":2449,"minecraft:swim_one_cm":13722,"minecraft:fly_one_cm":208650,"minecraft:crouch_one_cm":10521,"minecraft:play_time":38353,"tombstone:undead_killed":6,"minecraft:deaths":1,"minecraft:sneak_time":5268,"minecraft:walk_under_water_one_cm":4949,"minecraft:jump":867,"minecraft:walk_on_water_one_cm":5684,"minecraft:total_world_time":38353,"minecraft:fall_one_cm":23358},"minecraft:picked_up":{"minecraft:birch_log":43,"minecraft:coarse_dirt":1,"minecraft:crafting_table":3,"minecraft:feather":1,"minecraft:leather":9,"luminousworld:trout":2,"minecraft:oak_log":6,"minecraft:dirt":20,"minecraft:raw_copper":11,"minecraft:wheat_seeds":1,"minecraft:beef":14,"minecraft:birch_sapling":3,"luminousworld:bass_item":2,"minecraft:stick":3,"minecraft:sandstone":6,"minecraft:sweet_berries":4,"ecologics:coconut_slice":4,"minecraft:gravel":5,"minecraft:sand":6,"minecraft:porkchop":11,"minecraft:spruce_log":1,"luminousworld:grassflowers":1,"minecraft:stone_axe":1,"minecraft:oak_sapling":2,"minecraft:coal":22,"iceandfire:raw_silver":1,"minecraft:cobblestone":47},"minecraft:killed":{"minecraft:pig":4,"alexsmobs:raccoon":1,"undead_revamp2:the_moonflower":1,"earthmobsmod:lobber_zombie":1,"luminousworld:trout_fish":2,"born_in_chaos_v1:decrepit_skeleton":1,"minecraft:zombie":3,"ecologics:squirrel":1,"luminousworld:bass_fish":2,"alexsmobs:crow":1,"earthmobsmod:albino_cow":6}},"DataVersion":3465}