{"stats":{"minecraft:mined":{"minecraft:grass_block":1,"minecraft:coarse_dirt":1,"minecraft:dirt":5,"minecraft:birch_log":17,"minecraft:cobblestone":3,"minecraft:spruce_log":1,"minecraft:stone":13,"minecraft:fern":1,"minecraft:crafting_table":1},"minecraft:crafted":{"minecraft:wooden_sword":1,"minecraft:birch_planks":56,"minecraft:crafting_table":1,"minecraft:stick":4,"minecraft:wooden_pickaxe":1,"minecraft:wooden_axe":1},"minecraft:used":{"minecraft:wooden_axe":2,"minecraft:dirt":6,"minecraft:cobblestone":5,"minecraft:crafting_table":1,"minecraft:birch_log":3,"alexsmobs:animal_dictionary":1,"minecraft:wooden_pickaxe":18},"minecraft:custom":{"minecraft:time_since_rest":1,"minecraft:play_time":14353,"minecraft:crouch_one_cm":2939,"minecraft:sprint_one_cm":29415,"minecraft:deaths":1,"minecraft:damage_taken":395,"minecraft:walk_one_cm":7177,"minecraft:sneak_time":1445,"minecraft:jump":209,"minecraft:damage_dealt":48,"minecraft:time_since_death":717,"minecraft:total_world_time":14353,"minecraft:interact_with_crafting_table":2,"minecraft:fall_one_cm":5148,"minecraft:fly_one_cm":49075},"minecraft:picked_up":{"minecraft:coarse_dirt":1,"minecraft:birch_log":43,"minecraft:crafting_table":1,"minecraft:stick":1,"minecraft:spruce_log":1,"minecraft:birch_sapling":3,"minecraft:dirt":6,"minecraft:cobblestone":16}},"DataVersion":3465}